### ASSIGNMENT ON INNER JOIN

1. NAME OF THE EMPLOYEE AND HIS LOCATION OF ALL THE EMPLOYEES  
2. WAQTD DNAME AND SALARY FOR ALL THE EMPLOYEES WORKING IN ACCOUNTING  
3. WAQTD DNAME AND ANNUAL SALARY FOR ALL EMPLOYEES WHOSE SALARY IS MORE THAN 2340  
4. WAQTD ENAME AND DNAME FOR EMPLOYEES HAVING CHARACTER 'A' IN THEIR DNAME  
5. WAQTD ENAME AND DNAME FOR ALL THE EMPLOYEES WORKING AS SALESMAN  
6. WAQTD DNAME AND JOB FOR ALL THE EMPLOYEES WHOSE JOB AND DNAME STARTS WITH CHARACTER 'S'  
7. WAQTD DNAME AND MGR NO FOR EMPLOYEES REPORTING TO 7839  
8. WAQTD DNAME AND HIREDATE FOR EMPLOYEES HIRED AFTER 83 INTO ACCOUNTING OR RESEARCH DEPT  
9. WAQTD ENAME AND DNAME OF THE EMPLOYEES WHO ARE GETTING COMMISSION IN DEPT 10 OR 30  
10. WAQTD DNAME AND EMPNO FOR ALL THE EMPLOYEES WHOSE EMPNO ARE (7839, 7902) AND ARE WORKING IN LOC NEW YORK  


SQL> -- ### ASSIGNMENT ON INNER JOIN
SQL> -- 1. NAME OF THE EMPLOYEE AND HIS LOCATION OF ALL THE EMPLOYEES
SQL> SELECT ENAME, LOC
  2  FROM EMP, DEPT
  3  WHERE EMP.DEPTNO = DEPT.DEPTNO;

ENAME      LOC                                                                                                                                                                                          
---------- -------------                                                                                                                                                                                
SMITH      DALLAS                                                                                                                                                                                       
ALLEN      CHICAGO                                                                                                                                                                                      
WARD       CHICAGO                                                                                                                                                                                      
JONES      DALLAS                                                                                                                                                                                       
MARTIN     CHICAGO                                                                                                                                                                                      
BLAKE      CHICAGO                                                                                                                                                                                      
CLARK      NEW YORK                                                                                                                                                                                     
SCOTT      DALLAS                                                                                                                                                                                       
KING       NEW YORK                                                                                                                                                                                     
TURNER     CHICAGO                                                                                                                                                                                      
ADAMS      DALLAS                                                                                                                                                                                       
JAMES      CHICAGO                                                                                                                                                                                      
FORD       DALLAS                                                                                                                                                                                       
MILLER     NEW YORK                                                                                                                                                                                     

14 rows selected.

SQL> -- 2. WAQTD DNAME AND SALARY FOR ALL THE EMPLOYEES WORKING IN ACCOUNTING
SQL> SELECT DNAME, SAL
  2  FROM EMP, DEPT
  3  WHERE EMP.DEPTNO = DEPT.DEPTNO AND DNAME = 'ACCOUNTING';

DNAME                 SAL                                                                                                                                                                               
-------------- ----------                                                                                                                                                                               
ACCOUNTING           2450                                                                                                                                                                               
ACCOUNTING           5000                                                                                                                                                                               
ACCOUNTING           1300                                                                                                                                                                               

SQL> -- 3. WAQTD DNAME AND ANNUAL SALARY FOR ALL EMPLOYEES WHOSE SALARY IS MORE THAN 2340
SQL> SELECT DNAME, SAL * 12 AS ANNUAL_SAL
  2  FROM EMP, DEPT
  3  WHERE EMP.DEPTNO = DEPT.DEPTNO AND
  4  SAL > 2340;

DNAME          ANNUAL_SAL                                                                                                                                                                               
-------------- ----------                                                                                                                                                                               
RESEARCH            35700                                                                                                                                                                               
SALES               34200                                                                                                                                                                               
ACCOUNTING          29400                                                                                                                                                                               
RESEARCH            36000                                                                                                                                                                               
ACCOUNTING          60000                                                                                                                                                                               
RESEARCH            36000                                                                                                                                                                               

6 rows selected.

SQL> -- 4. WAQTD ENAME AND DNAME FOR EMPLOYEES HAVING CHARACTER 'A' IN THEIR DNAME
SQL> SELECT ENAME, DNAME
  2  FROM EMP INNER JOIN DEPT ON
  3  EMP.DEPTNO = DEPT.DEPTNO AND ENAME LIKE '%A%;
ERROR:
ORA-01756: quoted string not properly terminated 


SQL> ED
Wrote file afiedt.buf

  1  SELECT ENAME, DNAME
  2  FROM EMP INNER JOIN DEPT ON
  3* EMP.DEPTNO = DEPT.DEPTNO AND ENAME LIKE '%A%'
SQL> 
SQL> /

ENAME      DNAME                                                                                                                                                                                        
---------- --------------                                                                                                                                                                               
ALLEN      SALES                                                                                                                                                                                        
WARD       SALES                                                                                                                                                                                        
MARTIN     SALES                                                                                                                                                                                        
BLAKE      SALES                                                                                                                                                                                        
CLARK      ACCOUNTING                                                                                                                                                                                   
ADAMS      RESEARCH                                                                                                                                                                                     
JAMES      SALES                                                                                                                                                                                        

7 rows selected.

SQL> -- 5. WAQTD ENAME AND DNAME FOR ALL THE EMPLOYEES WORKING AS SALESMAN
SQL> SELECT ENAME, DNAME
  2  FROM EMP INNER JOIN DEPT
  3  ON EMP.DEPTNO = DEPT.DEPTNO AND EMP.JOB = 'SALESMAN';

ENAME      DNAME                                                                                                                                                                                        
---------- --------------                                                                                                                                                                               
ALLEN      SALES                                                                                                                                                                                        
WARD       SALES                                                                                                                                                                                        
MARTIN     SALES                                                                                                                                                                                        
TURNER     SALES                                                                                                                                                                                        

SQL> ED
Wrote file afiedt.buf

  1  SELECT ENAME, DNAME
  2  FROM EMP INNER JOIN DEPT
  3  ON EMP.DEPTNO = DEPT.DEPTNO 
  4* WHERE EMP.JOB = 'SALESMAN'
SQL> /

ENAME      DNAME                                                                                                                                                                                        
---------- --------------                                                                                                                                                                               
ALLEN      SALES                                                                                                                                                                                        
WARD       SALES                                                                                                                                                                                        
MARTIN     SALES                                                                                                                                                                                        
TURNER     SALES                                                                                                                                                                                        

SQL> -- 6. WAQTD DNAME AND JOB FOR ALL THE EMPLOYEES WHOSE JOB AND DNAME STARTS WITH CHARACTER 'S'
SQL> SELECT DNAME, JOB
  2  FROM EMP INNER JOIN DEPT
  3  ON EMP.DEPTNO = DEPT.DEPTNO
  4  WHERE JOB LIKE 'S%' AND DNAME LIKE 'S%';

DNAME          JOB                                                                                                                                                                                      
-------------- ---------                                                                                                                                                                                
SALES          SALESMAN                                                                                                                                                                                 
SALES          SALESMAN                                                                                                                                                                                 
SALES          SALESMAN                                                                                                                                                                                 
SALES          SALESMAN                                                                                                                                                                                 

SQL> clear screen
SQL> -- 7. WAQTD DNAME AND MGR NO FOR EMPLOYEES REPORTING TO 7839
SQL> ED
Wrote file afiedt.buf

  1  SELECT DNAME, MGR
  2  FROM EMP INNER JOIN DEPT
  3  ON EMP.DEPTNO = DEPT.DEPTNO
  4* WHERE EMP.MGR = 7839
SQL> /

DNAME                 MGR                                                                                                                                                                               
-------------- ----------                                                                                                                                                                               
RESEARCH             7839                                                                                                                                                                               
SALES                7839                                                                                                                                                                               
ACCOUNTING           7839                                                                                                                                                                               

SQL> -- 8. WAQTD DNAME AND HIREDATE FOR EMPLOYEES HIRED AFTER 83 INTO ACCOUNTING OR RESEARCH DEPT
SQL> ED
Wrote file afiedt.buf

  1  SELECT DNAME, HIREDATE
  2  FROM EMP INNER JOIN DEPT
  3  ON EMP.DEPTNO = DEPT.DEPTNO
  4* WHERE HIREDATE > '31-DEC-83' AND DNAME IN ('ACCOUNTING', 'RESEARCH')
SQL> /

DNAME          HIREDATE                                                                                                                                                                                 
-------------- ---------                                                                                                                                                                                
RESEARCH       19-APR-87                                                                                                                                                                                
RESEARCH       23-MAY-87                                                                                                                                                                                

SQL> -- 9. WAQTD ENAME AND DNAME OF THE EMPLOYEES WHO ARE GETTING COMMISSION IN DEPT 10 OR 30
SQL> ED
Wrote file afiedt.buf

  1  SELECT ENAME, DNAME
  2  FROM EMP INNER JOIN DEPT ON EMP.DEPTNO = DEPT.DEPTNO
  3* WHERE COMM IS NOT NULL AND EMP.DEPTNO IN (10, 30)
SQL> /

ENAME      DNAME                                                                                                                                                                                        
---------- --------------                                                                                                                                                                               
ALLEN      SALES                                                                                                                                                                                        
WARD       SALES                                                                                                                                                                                        
MARTIN     SALES                                                                                                                                                                                        
TURNER     SALES                                                                                                                                                                                        

SQL> -- 10. WAQTD DNAME AND EMPNO FOR ALL THE EMPLOYEES WHOSE EMPNO ARE (7839, 7902) AND ARE WORKING IN LOC NEW YORK
SQL> SELECT DNAME, EMPNO
  2  FROM EMP INNER JOIN DEPT ON EMP.DEPTNO = DEPT.DEPTNO
  3  WHERE EMPNO IN (7839, 7902) AND LOC = 'NEW YORK';

DNAME               EMPNO                                                                                                                                                                               
-------------- ----------                                                                                                                                                                               
ACCOUNTING           7839  
SQL> SPOOL OFF
