### ASSIGNMENT ON CASE 2

21. WAQTD DNAME OF THE EMPLOYEES WHOSE NAME IS SMITH  
22. WAQTD DNAME AND LOC OF THE EMPLOYEE WHOSE ENAME IS KING  
23. WAQTD LOC OF THE EMPLOYEE WHOSE EMPLOYEE NUMBER IS 7902   
24. WAQTD DNAME AND LOC ALONG WITH DEPTNO OF THE EMPLOYEE WHOSE NAME ENDS WITH 'R'  
25. WAQTD DNAME OF THE EMPLOYEE WHOSE DESIGNATION IS PRESIDENT  
26. WAQTD NAMES OF THE EMPLOYEES WORKING IN ACCOUNTING DEPARTMENT  
27. WAQTD ENAME AND SALARIES OF THE EMPLOYEES WHO ARE WORKING IN THE LOCATION CHICAGO  
28. WAQTD DETAILS OF THE EMPLOYEES WORKING IN SALES  
29. WAQTD DETAILS OF THE EMP ALONG WITH ANNUAL SALARY IF EMPLOYEES ARE WORKING IN NEW YORK  
30. WAQTD NAMES OF EMPLOYEES WORKING IN OPERATIONS DEPARTMENT  



SQL> -- 21. WAQTD DNAME OF THE EMPLOYEES WHOSE NAME IS SMITH
SQL> SELECT DNAME
  2  FROM DEPT
  3  WHERE DEPTNO = ( SELECT DEPTNO
  4  FROM EMP
  5  WHERE ENAME = 'SMITH');

DNAME                                                                                                                                                                                                   
--------------                                                                                                                                                                                          
RESEARCH                                                                                                                                                                                                

SQL> -- 22. WAQTD DNAME AND LOC OF THE EMPLOYEE WHOSE ENAME IS KING
SQL> SELECT DNAME, LOC
  2  FROM DEPT
  3  WHERE DEPTNO = (SELECT DEPTNO
  4  FROM EMP
  5  WHERE ENAME = 'KING');

DNAME          LOC                                                                                                                                                                                      
-------------- -------------                                                                                                                                                                            
ACCOUNTING     NEW YORK                                                                                                                                                                                 

SQL> -- 23. WAQTD LOC OF THE EMPLOYEE WHOSE EMPLOYEE NUMBER IS 7902
SQL> SELECT LOC
  2  FROM DEPT
  3  WHERE DEPTNO = (SELECT DEPTNO
  4  FROM EMP
  5  WHERE EMPNO = 7902);

LOC                                                                                                                                                                                                     
-------------                                                                                                                                                                                           
DALLAS                                                                                                                                                                                                  

SQL> -- 24. WAQTD DNAME AND LOC ALONG WITH DEPTNO OF THE EMPLOYEE WHOSE NAME ENDS WITH 'R'
SQL> ED
Wrote file afiedt.buf

  1  SELECT DNAME, LOC, DEPTNO
  2  FROM DEPT
  3  WHERE DEPTNO IN (SELECT DEPTNO
  4  FROM EMP
  5* WHERE ENAME LIKE '%R')
SQL> /

DNAME          LOC               DEPTNO                                                                                                                                                                 
-------------- ------------- ----------                                                                                                                                                                 
ACCOUNTING     NEW YORK              10                                                                                                                                                                 
SALES          CHICAGO               30                                                                                                                                                                 

SQL> -- 25. WAQTD DNAME OF THE EMPLOYEE WHOSE DESIGNATION IS PRESIDENT
SQL> SELECT DNAME
  2  FROM DEPT
  3  WHERE DEPTNO = (SELECT DEPTNO
  4  FROM EMP
  5  WHERE JOB = 'PRESIDENT');

DNAME                                                                                                                                                                                                   
--------------                                                                                                                                                                                          
ACCOUNTING                                                                                                                                                                                              

SQL> -- 26. WAQTD NAMES OF THE EMPLOYEES WORKING IN ACCOUNTING DEPARTMENT
SQL> SELECT ENAME
  2  FROM EMP
  3  WHERE DEPTNO = (SELECT DEPTNO
  4  FROM DEPT
  5  WHERE DNAME = 'ACCOUNTING');

ENAME                                                                                                                                                                                                   
----------                                                                                                                                                                                              
CLARK                                                                                                                                                                                                   
KING                                                                                                                                                                                                    
MILLER                                                                                                                                                                                                  

SQL> -- 27. WAQTD ENAME AND SALARIES OF THE EMPLOYEES WHO ARE WORKING IN THE LOCATION CHICAGO
SQL> SELECT ENAME, SAL
  2  FROM EMP
  3  WHERE DEPTNO = ( SELECT DEPTNO
  4  FROM DEPT
  5  WHERE LOC = 'CHICAGO');

ENAME             SAL                                                                                                                                                                                   
---------- ----------                                                                                                                                                                                   
ALLEN            1600                                                                                                                                                                                   
WARD             1250                                                                                                                                                                                   
MARTIN           1250                                                                                                                                                                                   
BLAKE            2850                                                                                                                                                                                   
TURNER           1500                                                                                                                                                                                   
JAMES             950                                                                                                                                                                                   

6 rows selected.

SQL> -- 28. WAQTD DETAILS OF THE EMPLOYEES WORKING IN SALES
SQL> SELECT *
  2  FROM EMP
  3  WHERE DEPTNO = (SELECT DEPTNO
  4  FROM DEPT
  5  WHERE LOC = 'SALES');

no rows selected

SQL> ED
Wrote file afiedt.buf

  1  SELECT *
  2  FROM EMP
  3  WHERE DEPTNO = (SELECT DEPTNO
  4  FROM DEPT
  5* WHERE DNAME = 'SALES')
SQL> /

     EMPNO ENAME      JOB              MGR HIREDATE         SAL       COMM     DEPTNO                                                                                                                   
---------- ---------- --------- ---------- --------- ---------- ---------- ----------                                                                                                                   
      7499 ALLEN      SALESMAN        7698 20-FEB-81       1600        300         30                                                                                                                   
      7521 WARD       SALESMAN        7698 22-FEB-81       1250        500         30                                                                                                                   
      7654 MARTIN     SALESMAN        7698 28-SEP-81       1250       1400         30                                                                                                                   
      7698 BLAKE      MANAGER         7839 01-MAY-81       2850                    30                                                                                                                   
      7844 TURNER     SALESMAN        7698 08-SEP-81       1500          0         30                                                                                                                   
      7900 JAMES      CLERK           7698 03-DEC-81        950                    30                                                                                                                   

6 rows selected.

SQL> -- 29. WAQTD DETAILS OF THE EMP ALONG WITH ANNUAL SALARY IF EMPLOYEES ARE WORKING IN NEW YORK
SQL> ED
Wrote file afiedt.buf

  1  SELECT EMP.*, SAL * 12 AS ANNUAL_SAL
  2  FROM EMP
  3  WHERE DEPTNO = ( SELECT DEPTNO
  4  FROM DEPT
  5* WHERE LOC = 'NEW YORK')
SQL> /

     EMPNO ENAME      JOB              MGR HIREDATE         SAL       COMM     DEPTNO ANNUAL_SAL                                                                                                        
---------- ---------- --------- ---------- --------- ---------- ---------- ---------- ----------                                                                                                        
      7782 CLARK      MANAGER         7839 09-JUN-81       2450                    10      29400                                                                                                        
      7839 KING       PRESIDENT            17-NOV-81       5000                    10      60000                                                                                                        
      7934 MILLER     CLERK           7782 23-JAN-82       1300                    10      15600                                                                                                        

SQL> -- 30. WAQTD NAMES OF EMPLOYEES WORKING IN OPERATIONS DEPARTMENT
SQL> ED
Wrote file afiedt.buf

  1  SELECT ENAME
  2  FROM EMP
  3  WHERE DEPTNO = ( SELECT DEPTNO
  4  FROM DEPT
  5* WHERE DNAME = 'OPERATIONS')
SQL> /

no rows selected

SQL> SPOOL OFF
